Card Name,Card Page Link,Apply Link,Image URL,Card Type,Joining Fee,Annual Fee,Best For,USP
,,,,,,,,
,,,,,,,,
,,,,,,,,
Cashback SBI Credit Card,https://cardinsider.com/sbi-card/cashback-sbi-credit-card/,https://cardinsider.com/go/sbicashback,,Cashback SBI Credit CardApply NowAdd to Compare(4.7/5)Joining Fee₹999 + GSTRenewal Fee₹999 + GSTBest Suited ForShopping | FoodReward TypeCashbackWelcome BenefitsN/A,Joining Fee₹999 + GSTRenewal Fee₹999 + GST,Joining Fee₹999 + GSTRenewal Fee₹999 + GST,Best Suited ForShopping | Food,Reward TypeCashback
Cashback SBI Credit Card,https://cardinsider.com/sbi-card/cashback-sbi-credit-card/,https://cardinsider.com/go/sbicashback,,Joining Fee₹999 + GSTRenewal Fee₹999 + GST,Joining Fee₹999 + GSTRenewal Fee₹999 + GST,Best Suited ForShopping | Food,Reward TypeCashback,Welcome BenefitsN/A
,,,,Joining Fee₹999 + GSTRenewal Fee₹999 + GST,,,,
,,,,,,,,
,,,,,,,,
,,,,,,,,
,,,,,,,,
Swiggy HDFC Bank Credit Card,https://cardinsider.com/hdfc-bank/swiggy-hdfc-bank-credit-card/,https://cardinsider.com/go/hdfcswiggy,,Joining Fee₹500 + GSTRenewal Fee₹500 + GST,Joining Fee₹500 + GSTRenewal Fee₹500 + GST,Best Suited ForDining | Food,Reward TypeCashback,Welcome BenefitsComplimentary 3-Month Swiggy One Membership
,,,,Joining Fee₹500 + GSTRenewal Fee₹500 + GST,,,,
,,,,,,,,
,,,,,,,,
,,,,,,,,
,,,,,,,,
HDFC Bank Millennia Credit Card,https://cardinsider.com/hdfc-bank/hdfc-bank-millennia-credit-card/,https://cardinsider.com/go/hdfcbank,,"Joining Fee₹1,000 + GSTRenewal Fee₹1,000 + GST","Joining Fee₹1,000 + GSTRenewal Fee₹1,000 + GST",Best Suited ForShopping,Reward TypeCashback,"Welcome Benefits1,000 CashPoints"
,,,,"Joining Fee₹1,000 + GSTRenewal Fee₹1,000 + GST",,,,
,,,,,,,,
,,,,,,,,
,,,,,,,,
,,,,,,,,
Amazon Pay ICICI Bank Credit Card,https://cardinsider.com/icici-bank/amazon-pay-icici-bank-credit-card/,https://cardinsider.com/go/iciciamazon,,Joining FeeLifetime FreeRenewal FeeLifetime Free,Joining FeeLifetime FreeRenewal FeeLifetime Free,Best Suited ForShopping,Reward TypeCashback,"Welcome BenefitsCashback and Discounts Up to ₹2,500 (Both for Prime and Non-Prime Members) and One Month EazyDiner Membership"
,,,,Joining FeeLifetime FreeRenewal FeeLifetime Free,,,,
,,,,,,,,
,,,,,,,,
,,,,,,,,
,,,,,,,,
Flipkart Axis Bank Credit Card,https://cardinsider.com/axis-bank/flipkart-axis-bank-credit-card/,https://cardinsider.com/go/axisbank,,Joining FeeRs. 500 + GSTRenewal FeeRs. 500 + GST,Joining FeeRs. 500 + GSTRenewal FeeRs. 500 + GST,Best Suited ForShopping,Reward TypeCashback,Welcome BenefitsIntroductory Benefits Worth Rs. 600 on Card Issuance
,,,,Joining FeeRs. 500 + GSTRenewal FeeRs. 500 + GST,,,,
,,,,,,,,
,,,,,,,,
,,,,,,,,
,,,,,,,,
American Express Membership Rewards® Credit Card,https://cardinsider.com/american-express/american-express-membership-rewards-credit-card/,,,"Joining Fee₹1,000 + GSTRenewal Fee₹4,500 + GST","Joining Fee₹1,000 + GSTRenewal Fee₹4,500 + GST",Best Suited ForShopping,Reward TypeReward Points,"Welcome Benefits4,000 Bonus Membership RPs can be availed on Spending of ₹15,000 within the first 90 Days of the Card Issuance"
,,,,"Joining Fee₹1,000 + GSTRenewal Fee₹4,500 + GST",,,,
,,,,,,,,
,,,,,,,,
,,,,,,,,
,,,,,,,,
IDFC First Bank Ashva Metal Credit Card,https://cardinsider.com/idfc-first-bank/ashva-credit-card/,https://cardinsider.com/go/idfc-ashva,,"Joining Fee₹2,999 + GSTRenewal Fee₹2,999 + GST","Joining Fee₹2,999 + GSTRenewal Fee₹2,999 + GST",Best Suited ForTravel | Shopping,Reward TypeReward Points,"Welcome Benefits₹2,000 Cashback on Making Four Transactions of ₹500 or Above"
,,,,"Joining Fee₹2,999 + GSTRenewal Fee₹2,999 + GST",,,,
,,,,,,,,
,,,,,,,,
,,,,,,,,
,,,,,,,,
Tata Neu Infinity HDFC Bank Credit Card,https://cardinsider.com/hdfc-bank/tata-neu-infinity-hdfc-credit-card/,https://cardinsider.com/go/hdfctataneu,,"Joining Fee₹1,499 + GSTRenewal Fee₹1,499 + GST","Joining Fee₹1,499 + GSTRenewal Fee₹1,499 + GST",Best Suited ForTravel | Shopping,Reward TypeNeuCoins,"Welcome Benefits1,499 NeuCoins on Tata Neu App"
,,,,"Joining Fee₹1,499 + GSTRenewal Fee₹1,499 + GST",,,,
,,,,,,,,
,,,,,,,,
,,,,,,,,
,,,,,,,,
Airtel Axis Bank Credit Card,https://cardinsider.com/axis-bank/airtel-axis-bank-credit-card/,https://cardinsider.com/go/axisbank,,Joining Fee₹500 + GSTRenewal Fee₹500 + GST,Joining Fee₹500 + GSTRenewal Fee₹500 + GST,Best Suited ForTravel | Food | Utility Bill Payment,Reward TypeCashback,Welcome BenefitsAmazon Voucher Worth Rs. 500
,,,,Joining Fee₹500 + GSTRenewal Fee₹500 + GST,,,,
,,,,,,,,
,,,,,,,,
,,,,,,,,
,,,,,,,,
Axis Bank Neo Credit Card,https://cardinsider.com/axis-bank/axis-bank-neo-credit-card/,https://cardinsider.com/go/axisbank,,Joining FeeNilRenewal FeeNil,Joining FeeNilRenewal FeeNil,Best Suited ForShopping | Food,Reward TypeReward Points,Welcome Benefits100% Cashback Up to ₹300 on First Utility Bill Payment
,,,,Joining FeeNilRenewal FeeNil,,,,
,,,,,,,,
,,,,,,,,
,,,,,,,,
,,,,,,,,
AU Bank LIT Credit Card,https://cardinsider.com/au-bank/lit-credit-card/,https://cardinsider.com/go/aubank,,Joining FeeNilRenewal FeeNil,Joining FeeNilRenewal FeeNil,Best Suited ForMovies | Travel | Dining | Fuel | Shopping,Reward TypeReward Points,Welcome BenefitsN/A
,,,,Joining FeeNilRenewal FeeNil,,,,
,,,,,,,,
,,,,,,,,
,,,,,,,,
,,,,,,,,
IndusInd Legend Credit Card,https://cardinsider.com/indusind-bank/indusind-legend-credit-card/,https://cardinsider.com/go/indusind,,Joining FeeNilRenewal FeeNil,Joining FeeNilRenewal FeeNil,Best Suited ForShopping,Reward TypeReward Points,Welcome BenefitsN/A
,,,,Joining FeeNilRenewal FeeNil,,,,
,,,,,,,,
,,,,,,,,
,,,,,,,,
,,,,,,,,
Axis Bank Atlas Credit Card,https://cardinsider.com/axis-bank/axis-bank-atlas-credit-card/,https://cardinsider.com/go/axisbank,,"Joining FeeRs. 5,000 + GSTRenewal FeeRs. 5,000 + GST","Joining FeeRs. 5,000 + GSTRenewal FeeRs. 5,000 + GST",Best Suited ForTravel,Reward TypeReward Points,"Welcome Benefits2,500 Edge Miles on Completing 1 Transaction Within 30 Days of Card Issuance"
,,,,"Joining FeeRs. 5,000 + GSTRenewal FeeRs. 5,000 + GST",,,,
,,,,,,,,
,,,,,,,,
,,,,,,,,
,,,,,,,,
IDFC FIRST Select Credit Card,https://cardinsider.com/idfc-first-bank/idfc-first-select-credit-card/,https://cardinsider.com/go/idfcbank,,Joining FeeNilRenewal FeeNil,Joining FeeNilRenewal FeeNil,Best Suited ForTravel | Shopping,Reward TypeReward Points,"Welcome BenefitsVouchers worth ₹500 on spends of ₹5,000 within 30 days of card issuance. Also, get a 5% cashback on EMI transactions (up to Rs. 1,000) within 30 days of card issuance."
,,,,Joining FeeNilRenewal FeeNil,,,,
,,,,,,,,
,,,,,,,,
,,,,,,,,
,,,,,,,,
BPCL SBI Octane Credit Card,https://cardinsider.com/sbi-card/bpcl-sbi-card-octane/,https://cardinsider.com/go/sbibpcloctane,,"Joining FeeRs. 1,499 + GSTRenewal FeeRs. 1,499 + GST","Joining FeeRs. 1,499 + GSTRenewal FeeRs. 1,499 + GST",Best Suited ForTravel | Fuel | Food,Reward TypeReward Points,"Welcome Benefits6,000 Bonus Reward Points Worth ₹1,500"
,,,,"Joining FeeRs. 1,499 + GSTRenewal FeeRs. 1,499 + GST",,,,
,,,,,,,,
,,,,,,,,
,,,,,,,,
,,,,,,,,
American Express Platinum Travel Credit Card,https://cardinsider.com/american-express/american-express-platinum-travel-credit-card/,,,"Joining Fee₹5,000 + GSTRenewal Fee₹5,000 + GST","Joining Fee₹5,000 + GSTRenewal Fee₹5,000 + GST",Best Suited ForTravel | Shopping,Reward TypeReward Points,"Welcome Benefits10,000 Membership Rewards Points"
,,,,"Joining Fee₹5,000 + GSTRenewal Fee₹5,000 + GST",,,,
,,,,,,,,
,,,,,,,,
,,,,,,,,
,,,,,,,,
HDFC Bank INFINIA Metal Credit Card,https://cardinsider.com/hdfc-bank/hdfc-bank-infinia-credit-card/,https://cardinsider.com/go/hdfcbank,,"Joining Fee₹12,500 + GSTRenewal Fee₹12,500 + GST","Joining Fee₹12,500 + GSTRenewal Fee₹12,500 + GST",Best Suited ForTravel | Dining | Shopping,Reward TypeReward Points,"Welcome BenefitsWelcome bonus of 12,500 Reward Points and complimentary Club Marriott membership for the first year offering 20% discounts on dining and stay in the Asia-Pacific region."
,,,,"Joining Fee₹12,500 + GSTRenewal Fee₹12,500 + GST",,,,
,,,,,,,,
,,,,,,,,
,,,,,,,,
,,,,,,,,
BOBCARD Tiara Credit Card,https://cardinsider.com/bank-of-baroda/bobcard-tiara-credit-card/,https://cardinsider.com/go/bankofbaroda,,"Joining Fee₹2,499 + GSTRenewal Fee₹2,499 + GST","Joining Fee₹2,499 + GSTRenewal Fee₹2,499 + GST",Best Suited ForTravel | Shopping | Food,Reward TypeReward Points,"Welcome BenefitsFree Swiggy One (3 Months), FitPass Pro, Amazon Prime/Disney Hotstar and Gaana Plus Memberships"
,,,,"Joining Fee₹2,499 + GSTRenewal Fee₹2,499 + GST",,,,
,,,,,,,,
,,,,,,,,
,,,,,,,,
,,,,,,,,
MakeMyTrip ICICI Bank Credit Card,https://cardinsider.com/icici-bank/makemytrip-icici-bank-credit-card/,https://cardinsider.com/go/icicibank,,Joining Fee₹999 + GSTRenewal Fee₹999 + GST,Joining Fee₹999 + GSTRenewal Fee₹999 + GST,Best Suited ForTravel,Reward TypeReward Points,"Welcome Benefits₹1,000 MMT Voucher and MMTBLACK Gold Tier Membership"
,,,,Joining Fee₹999 + GSTRenewal Fee₹999 + GST,,,,
,,,,,,,,
,,,,,,,,
,,,,,,,,
,,,,,,,,
HSBC Live+ Credit Card – Cashback on Groceries,https://cardinsider.com/hsbc-bank/hsbc-cashback-credit-card/,https://cardinsider.com/go/hsbc,,Joining FeeRs. 999 + GSTRenewal FeeRs. 999 + GST,Joining FeeRs. 999 + GSTRenewal FeeRs. 999 + GST,Best Suited ForShopping | Food,Reward TypeCashback,"Welcome Benefits₹1,000 Cashback on Spending ₹20,000 in the First 30 Days"
,,,,Joining FeeRs. 999 + GSTRenewal FeeRs. 999 + GST,,,,
,,,,,,,,
,,,,,,,,
,,,,,,,,
,,,,,,,,
,,,,,,,,
